<?xml version="1.0" encoding="UTF-8" ?>
<configuration>

	 <appender name="consoleApp" class="ch.qos.logback.core.ConsoleAppender">
        <layout class="ch.qos.logback.classic.PatternLayout">
            <pattern>
                %date{yyyy-MM-dd HH:mm:ss.SSS} %-5level[%thread]%logger{56}.%method:%L -%msg%n
            </pattern>
        </layout>
    </appender>

    <appender name="fileInfoApp" class="ch.qos.logback.core.rolling.RollingFileAppender">
        <filter class="ch.qos.logback.classic.filter.LevelFilter">
             <level>ERROR</level>
            <onMatch>DENY</onMatch>
            <onMismatch>ACCEPT</onMismatch>
        </filter>
        <encoder>
            <pattern>
                %date{yyyy-MM-dd HH:mm:ss.SSS} %-5level[%thread]%logger{56}.%method:%L -%msg%n
            </pattern>
        </encoder>
        <rollingPolicy class="ch.qos.logback.core.rolling.TimeBasedRollingPolicy">
            <fileNamePattern>app_log/log/app.info.%d.log</fileNamePattern>
        </rollingPolicy>
    </appender>

    <appender name="fileErrorApp" class="ch.qos.logback.core.rolling.RollingFileAppender">
        <filter class="ch.qos.logback.classic.filter.ThresholdFilter">
            <level>ERROR</level>
        </filter>
        <encoder>
            <pattern>
                %date{yyyy-MM-dd HH:mm:ss.SSS} %-5level[%thread]%logger{56}.%method:%L -%msg%n
            </pattern>
        </encoder>
        
        <rollingPolicy class="ch.qos.logback.core.rolling.TimeBasedRollingPolicy">
            <fileNamePattern>app_log/log/app.err.%d.log</fileNamePattern>
             <MaxHistory>1</MaxHistory>
        </rollingPolicy>
    </appender>
   <root level="info">
        <appender-ref ref="consoleApp"/>
        <appender-ref ref="fileInfoApp"/>
        <appender-ref ref="fileErrorApp"/>
    </root>
</configuration>